﻿{"cameraMode":{"drawMode":0,"name":"Shaded","section":"Shading Mode"},"sceneLighting":true,"audioPlay":false,"sceneViewState":{"showFog":true,"showMaterialUpdate":false,"showSkybox":true,"showFlares":true,"showImageEffects":true,"showParticleSystems":true},"in2DMode":false,"pivot":{"x":-4278.091796875,"y":998.7009887695313,"z":-4128.23046875},"rotation":{"x":0.14684487879276277,"y":0.35948681831359866,"z":-0.05739574506878853,"w":0.919734537601471},"size":38.60722351074219,"orthographic":false}